[{"model": "auth.permission", "pk": 1, "fields": {"name": "Can add log entry", "content_type": 1, "codename": "add_logentry"}}, {"model": "auth.permission", "pk": 2, "fields": {"name": "Can change log entry", "content_type": 1, "codename": "change_logentry"}}, {"model": "auth.permission", "pk": 3, "fields": {"name": "Can delete log entry", "content_type": 1, "codename": "delete_logentry"}}, {"model": "auth.permission", "pk": 4, "fields": {"name": "Can view log entry", "content_type": 1, "codename": "view_logentry"}}, {"model": "auth.permission", "pk": 5, "fields": {"name": "Can add permission", "content_type": 2, "codename": "add_permission"}}, {"model": "auth.permission", "pk": 6, "fields": {"name": "Can change permission", "content_type": 2, "codename": "change_permission"}}, {"model": "auth.permission", "pk": 7, "fields": {"name": "Can delete permission", "content_type": 2, "codename": "delete_permission"}}, {"model": "auth.permission", "pk": 8, "fields": {"name": "Can view permission", "content_type": 2, "codename": "view_permission"}}, {"model": "auth.permission", "pk": 9, "fields": {"name": "Can add group", "content_type": 3, "codename": "add_group"}}, {"model": "auth.permission", "pk": 10, "fields": {"name": "Can change group", "content_type": 3, "codename": "change_group"}}, {"model": "auth.permission", "pk": 11, "fields": {"name": "Can delete group", "content_type": 3, "codename": "delete_group"}}, {"model": "auth.permission", "pk": 12, "fields": {"name": "Can view group", "content_type": 3, "codename": "view_group"}}, {"model": "auth.permission", "pk": 13, "fields": {"name": "Can add content type", "content_type": 4, "codename": "add_contenttype"}}, {"model": "auth.permission", "pk": 14, "fields": {"name": "Can change content type", "content_type": 4, "codename": "change_contenttype"}}, {"model": "auth.permission", "pk": 15, "fields": {"name": "Can delete content type", "content_type": 4, "codename": "delete_contenttype"}}, {"model": "auth.permission", "pk": 16, "fields": {"name": "Can view content type", "content_type": 4, "codename": "view_contenttype"}}, {"model": "auth.permission", "pk": 17, "fields": {"name": "Can add session", "content_type": 5, "codename": "add_session"}}, {"model": "auth.permission", "pk": 18, "fields": {"name": "Can change session", "content_type": 5, "codename": "change_session"}}, {"model": "auth.permission", "pk": 19, "fields": {"name": "Can delete session", "content_type": 5, "codename": "delete_session"}}, {"model": "auth.permission", "pk": 20, "fields": {"name": "Can view session", "content_type": 5, "codename": "view_session"}}, {"model": "auth.permission", "pk": 21, "fields": {"name": "Can add User", "content_type": 6, "codename": "add_user"}}, {"model": "auth.permission", "pk": 22, "fields": {"name": "Can change User", "content_type": 6, "codename": "change_user"}}, {"model": "auth.permission", "pk": 23, "fields": {"name": "Can delete User", "content_type": 6, "codename": "delete_user"}}, {"model": "auth.permission", "pk": 24, "fields": {"name": "Can view User", "content_type": 6, "codename": "view_user"}}, {"model": "auth.permission", "pk": 25, "fields": {"name": "Can add OTP", "content_type": 7, "codename": "add_otp"}}, {"model": "auth.permission", "pk": 26, "fields": {"name": "Can change OTP", "content_type": 7, "codename": "change_otp"}}, {"model": "auth.permission", "pk": 27, "fields": {"name": "Can delete OTP", "content_type": 7, "codename": "delete_otp"}}, {"model": "auth.permission", "pk": 28, "fields": {"name": "Can view OTP", "content_type": 7, "codename": "view_otp"}}, {"model": "auth.permission", "pk": 29, "fields": {"name": "Can add site", "content_type": 8, "codename": "add_site"}}, {"model": "auth.permission", "pk": 30, "fields": {"name": "Can change site", "content_type": 8, "codename": "change_site"}}, {"model": "auth.permission", "pk": 31, "fields": {"name": "Can delete site", "content_type": 8, "codename": "delete_site"}}, {"model": "auth.permission", "pk": 32, "fields": {"name": "Can view site", "content_type": 8, "codename": "view_site"}}, {"model": "auth.permission", "pk": 33, "fields": {"name": "Can add email address", "content_type": 9, "codename": "add_emailaddress"}}, {"model": "auth.permission", "pk": 34, "fields": {"name": "Can change email address", "content_type": 9, "codename": "change_emailaddress"}}, {"model": "auth.permission", "pk": 35, "fields": {"name": "Can delete email address", "content_type": 9, "codename": "delete_emailaddress"}}, {"model": "auth.permission", "pk": 36, "fields": {"name": "Can view email address", "content_type": 9, "codename": "view_emailaddress"}}, {"model": "auth.permission", "pk": 37, "fields": {"name": "Can add email confirmation", "content_type": 10, "codename": "add_emailconfirmation"}}, {"model": "auth.permission", "pk": 38, "fields": {"name": "Can change email confirmation", "content_type": 10, "codename": "change_emailconfirmation"}}, {"model": "auth.permission", "pk": 39, "fields": {"name": "Can delete email confirmation", "content_type": 10, "codename": "delete_emailconfirmation"}}, {"model": "auth.permission", "pk": 40, "fields": {"name": "Can view email confirmation", "content_type": 10, "codename": "view_emailconfirmation"}}, {"model": "auth.permission", "pk": 41, "fields": {"name": "Can add social account", "content_type": 11, "codename": "add_socialaccount"}}, {"model": "auth.permission", "pk": 42, "fields": {"name": "Can change social account", "content_type": 11, "codename": "change_socialaccount"}}, {"model": "auth.permission", "pk": 43, "fields": {"name": "Can delete social account", "content_type": 11, "codename": "delete_socialaccount"}}, {"model": "auth.permission", "pk": 44, "fields": {"name": "Can view social account", "content_type": 11, "codename": "view_socialaccount"}}, {"model": "auth.permission", "pk": 45, "fields": {"name": "Can add social application", "content_type": 12, "codename": "add_socialapp"}}, {"model": "auth.permission", "pk": 46, "fields": {"name": "Can change social application", "content_type": 12, "codename": "change_socialapp"}}, {"model": "auth.permission", "pk": 47, "fields": {"name": "Can delete social application", "content_type": 12, "codename": "delete_socialapp"}}, {"model": "auth.permission", "pk": 48, "fields": {"name": "Can view social application", "content_type": 12, "codename": "view_socialapp"}}, {"model": "auth.permission", "pk": 49, "fields": {"name": "Can add social application token", "content_type": 13, "codename": "add_socialtoken"}}, {"model": "auth.permission", "pk": 50, "fields": {"name": "Can change social application token", "content_type": 13, "codename": "change_socialtoken"}}, {"model": "auth.permission", "pk": 51, "fields": {"name": "Can delete social application token", "content_type": 13, "codename": "delete_socialtoken"}}, {"model": "auth.permission", "pk": 52, "fields": {"name": "Can view social application token", "content_type": 13, "codename": "view_socialtoken"}}, {"model": "auth.permission", "pk": 53, "fields": {"name": "Can add blacklisted token", "content_type": 14, "codename": "add_blacklistedtoken"}}, {"model": "auth.permission", "pk": 54, "fields": {"name": "Can change blacklisted token", "content_type": 14, "codename": "change_blacklistedtoken"}}, {"model": "auth.permission", "pk": 55, "fields": {"name": "Can delete blacklisted token", "content_type": 14, "codename": "delete_blacklistedtoken"}}, {"model": "auth.permission", "pk": 56, "fields": {"name": "Can view blacklisted token", "content_type": 14, "codename": "view_blacklistedtoken"}}, {"model": "auth.permission", "pk": 57, "fields": {"name": "Can add outstanding token", "content_type": 15, "codename": "add_outstandingtoken"}}, {"model": "auth.permission", "pk": 58, "fields": {"name": "Can change outstanding token", "content_type": 15, "codename": "change_outstandingtoken"}}, {"model": "auth.permission", "pk": 59, "fields": {"name": "Can delete outstanding token", "content_type": 15, "codename": "delete_outstandingtoken"}}, {"model": "auth.permission", "pk": 60, "fields": {"name": "Can view outstanding token", "content_type": 15, "codename": "view_outstandingtoken"}}, {"model": "auth.permission", "pk": 61, "fields": {"name": "Can add chat group", "content_type": 16, "codename": "add_chatgroup"}}, {"model": "auth.permission", "pk": 62, "fields": {"name": "Can change chat group", "content_type": 16, "codename": "change_chatgroup"}}, {"model": "auth.permission", "pk": 63, "fields": {"name": "Can delete chat group", "content_type": 16, "codename": "delete_chatgroup"}}, {"model": "auth.permission", "pk": 64, "fields": {"name": "Can view chat group", "content_type": 16, "codename": "view_chatgroup"}}, {"model": "auth.permission", "pk": 65, "fields": {"name": "Can add Message", "content_type": 17, "codename": "add_message"}}, {"model": "auth.permission", "pk": 66, "fields": {"name": "Can change Message", "content_type": 17, "codename": "change_message"}}, {"model": "auth.permission", "pk": 67, "fields": {"name": "Can delete Message", "content_type": 17, "codename": "delete_message"}}, {"model": "auth.permission", "pk": 68, "fields": {"name": "Can view Message", "content_type": 17, "codename": "view_message"}}, {"model": "auth.permission", "pk": 69, "fields": {"name": "Can add Friendship", "content_type": 18, "codename": "add_friendship"}}, {"model": "auth.permission", "pk": 70, "fields": {"name": "Can change Friendship", "content_type": 18, "codename": "change_friendship"}}, {"model": "auth.permission", "pk": 71, "fields": {"name": "Can delete Friendship", "content_type": 18, "codename": "delete_friendship"}}, {"model": "auth.permission", "pk": 72, "fields": {"name": "Can view Friendship", "content_type": 18, "codename": "view_friendship"}}]